{
    "type": "regionData",
    "workerInfo": {
        "rank": 3,
        "computationTime": 1120852,
        "region": {
            "minReal": 0.33984375,
            "maxImag": -0.583984375,
            "maxReal": 0.400390625,
            "minImag": -0.5859375,
            "width": 1984,
            "height": 64,
            "hOffset": 0,
            "vOffset": 128,
            "maxIteration": 1019,
            "validation": 7,
            "guaranteedDivisor": 64
        }
    },
    "data": [22, 22, 22, 22, 22, 22, 22, 22, 22, 22, 22, 22, 22, 22, 22, 22, 22, 22, 22, 22, 22, 22, 22, 22, 22, 22, 22, 22, 22, 22, 22, 22, 22, 22, 22, 22, 22, 22, 22, 22, 22, 22, 22, 22, 22, 22, 22, 22, 22, 22, 22, 22, 22, 22, 22, 22, 22, 22, 22, 22, 22, 22, 22, 22, 22, 22, 22, 22, 22, 23, 23, 23, 23, 23, 23, 23, 23, 23, 23, 23, 23, 23, 23, 23, 23, 23, 23, 23, 23, 23, 23, 23, 23, 23, 23, 23, 23, 23, 23, 23, 23, 23, 23, 23, 23, 23, 23, 23, 23, 23, 23, 23, 23, 23, 23, 23, 23, 24, 24, 24, 24, 24, 24, 24, 24, 24, 24, 24, 24, 24, 24, 24, 24, 24, 24, 24, 24, 24, 24, 24, ...]
}