{
  "screen": {
    "width": 1280,
    "height": 720
  },
  "balancers": ["predictionRecursive"],
  "implementations": ["mandelbrot32"],
  "maxIteration": [1019],
  "nodeCount": [40],
  "predictionAccuracy": [-32, 32, 2],
  "runs": 10,
  "cluster": "himmuc",
  "description": "Testing prediction accuracy on points at the border of the mandelbrot set",
  "pois": [
    { "real": -1.1352806091308594, "imag": -0.3451214891342549, "zoom": 2 },
    { "real": -0.7334021404385567, "imag": 0.2165058705628719, "zoom": 11 },
    { "real": -0.04665714770453633, "imag": 0.9851097719948892, "zoom": 25 }
  ]
}
