{
  "screen":{
     "width":1920,
     "height":1080
  },
  "balancers":[
     "naive",
     "prediction",
     "naiveRecursive"
  ],
  "implementations":[
     "mandelbrot"
  ],
  "nodeCount":10,
  "description":"This is a test",
  "pois":[
     {
        "real":0.0,
        "imag":0.0,
        "zoom":0
     },
     {
        "real":-0.04926860332489014,
        "imag":0.9887520653946033,
        "zoom":1
     },
     {
        "real":-1.4102668762207031,
        "imag":0.06935050509118243,
        "zoom":3
     },
     {
        "real":-0.7428462728857994,
        "imag":0.2057771115182378,
        "zoom":12
     }
  ]
}